,cz,Name,AllParentIncomeAmericanIndian,AllParentIncomeAllRaces,AllParentIncomeAsian,AllParentIncomeWhite,AllParentIncomeHispanic,Individual_Income_Excluding_Spouse_at_Age_35_rB_gP_pall
0,cz31005,"Perryton, TX",47787.0,33363,,35558,32995.0,
1,cz11800,"Mount Pleasant, MI",39566.0,28648,34351.0,29009,25530.0,21910.0
2,cz32602,"Graham, TX",37798.0,29275,,30776,25617.0,16973.0
3,cz21701,"Rochester, MN",36443.0,36338,35675.0,36983,28886.0,22785.0
4,cz7100,"Port St. Lucie, FL",34293.0,27998,38060.0,31646,27932.0,20994.0
5,cz31900,"Pearland, TX",33786.0,31978,39209.0,34581,30512.0,26855.0
6,cz11002,"Atmore, AL",32214.0,26021,41143.0,29373,26302.0,21881.0
7,cz32401,"Big Spring, TX",32178.0,30048,46930.0,33572,28864.0,22077.0
8,cz18900,"Williamsport, PA",31681.0,30408,38536.0,31102,27737.0,19703.0
9,cz33400,"Longview, TX",31506.0,27797,36338.0,30610,26403.0,22416.0
10,cz23400,"Bloomington, IL",31402.0,31855,46335.0,32745,27862.0,23702.0
11,cz29501,"Leavenworth, KS",31003.0,31178,39670.0,32287,26050.0,25193.0
12,cz36404,"Rock Springs, UT & WY",30333.0,33680,36965.0,34512,31091.0,26906.0
13,cz11304,"Washington DC, DC & MD & VA",30296.0,35475,43109.0,39600,34205.0,29988.0
14,cz31004,"Liberal, KS & OK",30275.0,29650,31195.0,33432,28955.0,23691.0
15,cz11301,"Fredericksburg, VA",30236.0,31666,36896.0,32866,32877.0,27909.0
16,cz31401,"Midland, TX",30223.0,32604,43356.0,35918,31115.0,25052.0
17,cz21004,"Rhinelander, WI",30024.0,32139,33529.0,32652,25895.0,21333.0
18,cz30801,"Hobbs, NM & TX",29893.0,29080,49064.0,32336,28581.0,23866.0
19,cz21202,"Redwood Falls, MN",29725.0,36845,33617.0,37523,27857.0,
20,cz31101,"Victoria, TX",29581.0,31157,46057.0,35554,27362.0,24682.0
21,cz34114,"Unalaska, AK",29579.0,28034,35348.0,36727,,
22,cz23600,"Burlington, IA & IL & MO",29515.0,31534,36981.0,32148,31408.0,20503.0
23,cz6000,"Huntsville, AL & TN",29407.0,27162,41384.0,28518,26882.0,22823.0
24,cz32702,"Stephenville, TX",29219.0,28493,41004.0,30934,25348.0,27114.0
25,cz21003,"Ironwood, MI & WI",29176.0,31234,,31792,23389.0,
26,cz36503,"Lakeview, OR",29034.0,29679,,30622,27377.0,
27,cz32000,"Houston, TX",28942.0,31089,42569.0,35722,30103.0,24460.0
28,cz21302,"Owatonna, MN",28939.0,35454,36346.0,36221,24552.0,26375.0
29,cz7200,"Cape Coral, FL",28886.0,28152,36722.0,30678,26061.0,21326.0
30,cz13900,"Center, IN",28860.0,28270,33188.0,28969,27191.0,23302.0
31,cz29401,"Ottawa, KS",28836.0,29098,34381.0,29626,23836.0,22629.0
32,cz31700,"Corpus Christi, TX",28814.0,29370,36454.0,32819,28599.0,24228.0
33,cz2300,"Lynchburg, VA",28767.0,28829,37267.0,31223,25746.0,21203.0
34,cz26412,"Williston, ND",28562.0,38316,,39203,24779.0,
35,cz4002,"Shreveport, LA",28494.0,26235,32289.0,31163,26067.0,21405.0
36,cz32601,"Wichita Falls, TX",28380.0,28778,37278.0,30596,25903.0,22787.0
37,cz30802,"Lubbock, TX",28211.0,27971,39105.0,32391,24361.0,20335.0
38,cz34502,"Libby, MT",28183.0,28581,,29224,25692.0,
39,cz20302,"Claremont, NH & VT",28182.0,31795,37126.0,32443,29082.0,30726.0
40,cz5700,"Tullahoma, TN",28179.0,26595,34796.0,27521,22330.0,22057.0
41,cz29003,"Dodge City, KS",28142.0,30357,37809.0,33523,26811.0,20971.0
42,cz30903,"Amarillo, TX",28077.0,28477,32070.0,31423,24966.0,20985.0
43,cz1702,"Henderson, NC",28074.0,23097,50583.0,28261,22755.0,20147.0
44,cz3500,"Baton Rouge, LA",28067.0,29769,38749.0,33912,30454.0,23947.0
45,cz34101,"Sand Point, AK",27999.0,26508,36383.0,20488,,
46,cz33000,"Fort Worth, TX",27979.0,29684,36981.0,32514,27701.0,23290.0
47,cz33500,"Texarkana, AR & TX",27781.0,26188,40737.0,29088,25363.0,21398.0
48,cz11500,"Jackson, MI",27766.0,28909,37194.0,29772,25402.0,22050.0
49,cz31001,"Garden City, KS",27718.0,29781,35896.0,33852,27047.0,19083.0
50,cz22200,"Cedar Rapids, IA",27675.0,34305,34405.0,35058,28192.0,24390.0
51,cz4103,"El Dorado, AR",27593.0,26075,37656.0,30145,22429.0,21221.0
52,cz16200,"Altoona, PA",27360.0,30801,37063.0,31314,23569.0,21127.0
53,cz31201,"Austin, TX",27314.0,30405,40268.0,34249,27561.0,23548.0
54,cz22300,"Ottumwa, IA",27304.0,31773,31829.0,32279,25938.0,20644.0
55,cz14100,"Fort Wayne, IN",27285.0,30134,35175.0,31574,26677.0,21336.0
56,cz18100,"Elmira, NY & PA",27262.0,30639,36256.0,31221,27220.0,22680.0
57,cz26410,"Dickinson, ND",27224.0,40694,,41438,22210.0,
58,cz38000,"San Diego, CA",27099.0,30022,37113.0,33616,28222.0,24472.0
59,cz17600,"Charlottesville, VA",27062.0,29351,40499.0,31313,27658.0,22444.0
60,cz20500,"Boston, MA",27011.0,36926,40979.0,38861,28879.0,29432.0
61,cz10600,"Jasper, AL",26906.0,24631,30327.0,25512,24346.0,21048.0
62,cz4004,"Many, LA",26851.0,29230,,31968,26275.0,20133.0
63,cz3901,"Monroe, LA",26811.0,25297,39798.0,29714,21222.0,20295.0
64,cz22400,"Sheboygan, WI",26684.0,33821,31382.0,34440,28160.0,24575.0
65,cz27702,"Cheyenne, NE & WY",26658.0,31889,32292.0,32860,29899.0,26419.0
66,cz28800,"Fort Collins, CO",26652.0,31832,36762.0,33913,26944.0,28966.0
67,cz20901,"Bridgeport, CT",26628.0,35856,40303.0,38613,28740.0,26681.0
68,cz25102,"West Plains, AR & MO",26546.0,24027,35046.0,24435,20961.0,14804.0
69,cz30904,"Pampa, TX",26485.0,30775,36687.0,31940,30570.0,23224.0
70,cz16901,"Charleston, WV",26448.0,27661,39740.0,28455,25860.0,22743.0
71,cz38502,"Wenatchee, WA",26379.0,30782,44947.0,32130,28128.0,33654.0
72,cz19600,"Newark, NJ & NY",26341.0,36944,44824.0,41270,31917.0,27069.0
73,cz7000,"Miami, FL",26296.0,28716,36843.0,33734,31252.0,23143.0
74,cz34701,"Honolulu, HI",26213.0,33521,37402.0,32597,29317.0,28241.0
75,cz33100,"Dallas, TX",26207.0,29735,40634.0,34333,27717.0,23225.0
76,cz31301,"San Antonio, TX",26165.0,28325,35418.0,33615,26675.0,24769.0
77,cz38402,"Pullman, ID & WA",26164.0,32654,41501.0,33292,26978.0,30805.0
78,cz1202,"Sylva, NC",26149.0,25147,,25931,25009.0,21458.0
79,cz8800,"Savannah, GA & SC",26143.0,26641,37475.0,30733,26889.0,21658.0
80,cz14400,"Terre Haute, IN",26103.0,28262,39221.0,28787,27695.0,23434.0
81,cz9600,"LaGrange, AL & GA",26091.0,25321,33925.0,27255,27024.0,21105.0
82,cz28704,"Laramie, CO & WY",26087.0,32638,41950.0,33344,29758.0,40864.0
83,cz19100,"Reading, PA",26063.0,32867,38328.0,34313,23741.0,22691.0
84,cz37602,"Winnemucca, NV",26003.0,31459,,32505,33106.0,
85,cz37800,"San Francisco, CA",25944.0,35071,42347.0,37645,32771.0,25711.0
86,cz34102,"Anchorage, AK",25931.0,33026,35940.0,34996,30617.0,27914.0
87,cz32301,"San Angelo, TX",25925.0,27778,35255.0,31652,24566.0,22524.0
88,cz34110,"Sitka, AK",25851.0,29787,44889.0,31954,25549.0,
89,cz22500,"Oshkosh, WI",25822.0,34058,32575.0,34664,28675.0,23507.0
90,cz24300,"Chicago, IL",25809.0,33003,41545.0,38034,30188.0,22777.0
91,cz33700,"Ardmore, OK",25803.0,27116,33314.0,28515,26923.0,20697.0
92,cz23700,"Galesburg, IL",25731.0,30458,39761.0,30992,25783.0,25066.0
93,cz8503,"Valdosta, GA",25662.0,23628,36536.0,27591,22850.0,18301.0
94,cz30402,"Tulsa, OK",25653.0,28518,37788.0,30711,26576.0,21793.0
95,cz35903,"Moab, UT",25645.0,28944,,29875,27834.0,
96,cz20800,"Springfield, MA",25568.0,33105,35364.0,35379,23229.0,25241.0
97,cz29403,"Bartlesville, KS & OK",25549.0,28977,43966.0,30108,26193.0,20744.0
98,cz34108,"Kodiak, AK",25509.0,30400,35182.0,31168,19537.0,25154.0
99,cz2500,"Newport News, VA",25482.0,29284,38186.0,32585,27789.0,24558.0
100,cz12402,"Grayling charter, MI",25441.0,27342,24515.0,27799,26285.0,19478.0
101,cz6100,"Gadsden, AL",25421.0,24551,41289.0,25628,20608.0,21092.0
102,cz24701,"St. Louis, IL & MO",25380.0,31128,38416.0,34180,29618.0,22073.0
103,cz12100,"Kalamazoo, MI",25354.0,29303,36508.0,30615,26914.0,21353.0
104,cz37500,"San Jose, CA",25242.0,33936,42757.0,36967,30398.0,28331.0
105,cz33901,"Ada, OK",25237.0,26400,20981.0,27807,22538.0,21170.0
106,cz34115,"Fairbanks, AK",25186.0,32370,33139.0,34477,30724.0,24485.0
107,cz32100,"Beaumont, TX",25159.0,28896,36289.0,32029,28992.0,23384.0
108,cz30601,"El Paso, NM & TX",25140.0,26599,34066.0,31397,27619.0,25088.0
109,cz19400,"New York, NY",25134.0,33675,39209.0,41160,29369.0,27201.0
110,cz5500,"Columbia, TN",25122.0,26410,30847.0,27531,24665.0,22287.0
111,cz30000,"Russellville, AR",25101.0,25263,29557.0,26040,24328.0,22333.0
112,cz16400,"Youngstown, OH & PA",25046.0,29702,38357.0,31189,24111.0,19756.0
113,cz19500,"Toms River, NJ",24993.0,36482,44607.0,37966,31703.0,26868.0
114,cz1002,"Morganton, NC",24981.0,24344,31095.0,24894,25549.0,21617.0
115,cz11401,"Marquette, MI",24970.0,30605,34404.0,31162,28686.0,26281.0
116,cz23900,"Peoria, IL",24950.0,31277,42597.0,32639,28762.0,20414.0
117,cz28401,"Colorado Springs, CO",24943.0,29420,33617.0,30925,26519.0,24485.0
118,cz25500,"Centralia, IL",24850.0,31362,42276.0,32217,27642.0,20433.0
119,cz30100,"Fort Smith, AR & OK",24801.0,25567,32035.0,26726,23353.0,20784.0
120,cz38300,"Los Angeles, AZ & CA",24774.0,30002,38913.0,33668,28708.0,23594.0
121,cz7400,"Orlando, FL",24771.0,27352,35362.0,30137,26986.0,21071.0
122,cz34801,"Las Vegas, NM",24767.0,25463,,28432,25326.0,23444.0
123,cz34109,"Juneau, AK",24756.0,33490,35956.0,35661,34548.0,29180.0
124,cz29902,"Center, MO",24724.0,25880,35792.0,26367,23717.0,23466.0
125,cz3800,"Lafayette, LA",24702.0,29334,32565.0,32515,27706.0,22937.0
126,cz2400,"Richmond, VA",24684.0,30316,37961.0,34434,28910.0,24142.0
127,cz10502,"Starkville, MS",24650.0,24324,40917.0,30673,26492.0,19399.0
128,cz30501,"Woodward, OK",24643.0,31120,,31824,29455.0,
129,cz12401,"Alpena, MI",24635.0,28415,32653.0,28792,25342.0,21127.0
130,cz8202,"Charleston, SC",24596.0,27012,34638.0,29967,27170.0,23502.0
131,cz11900,"Saginaw, MI",24595.0,29392,35895.0,30871,25129.0,20645.0
132,cz34107,"Dillingham, AK",24550.0,27915,,37920,,
133,cz1701,"Raleigh, NC",24529.0,29842,38948.0,33335,26736.0,23070.0
134,cz26001,"Roseau, MN",24527.0,33589,36011.0,34032,,
135,cz11403,"Sault Ste. Marie, MI",24477.0,27400,27147.0,29057,25024.0,19219.0
136,cz29901,"Joplin, KS & MO & OK",24461.0,26727,35379.0,27341,25858.0,21740.0
137,cz9100,"Atlanta, GA",24434.0,28744,35247.0,33259,27796.0,22982.0
138,cz28102,"Nebraska City, NE",24386.0,33299,35075.0,33935,23374.0,
139,cz3700,"Lake Charles, LA",24372.0,28420,36241.0,30499,26923.0,24041.0
140,cz37100,"Bakersfield, CA",24365.0,28159,35931.0,30900,28031.0,22463.0
141,cz20600,"Manchester, ME & NH",24355.0,33845,38229.0,34492,29547.0,28735.0
142,cz29602,"Eldon, MO",24342.0,26047,26574.0,26494,26059.0,22973.0
143,cz15400,"Zanesville, OH",24291.0,27509,35481.0,28212,24799.0,20110.0
144,cz33801,"Elk City, OK",24253.0,29507,42712.0,30878,26201.0,22012.0
145,cz11001,"Mobile, AL",24241.0,26385,32194.0,29912,28199.0,21298.0
146,cz33902,"Sherman, OK & TX",24221.0,27141,31877.0,28816,24871.0,20772.0
147,cz38801,"Portland, OR & WA",24202.0,30486,35844.0,31655,26959.0,23669.0
148,cz24200,"Bourbonnais, IL",24195.0,30718,45280.0,32902,27403.0,21675.0
149,cz37000,"Modesto, CA",24178.0,27334,34478.0,29810,26032.0,22209.0
150,cz33602,"Altus, OK",24174.0,26732,32009.0,29308,25126.0,20792.0
151,cz2200,"South Boston, VA",24147.0,26257,34830.0,30156,22392.0,22655.0
152,cz2700,"Gulfport, MS",24132.0,25628,31053.0,27474,27073.0,21048.0
153,cz19200,"Harrisburg, PA",24102.0,32439,38508.0,33839,25466.0,22284.0
154,cz27903,"Grand Island, NE",24056.0,32905,30677.0,34106,26741.0,28466.0
155,cz10700,"Birmingham, AL",24047.0,27184,37944.0,30374,24843.0,22547.0
156,cz30502,"Enid, OK",24038.0,29548,38218.0,30738,25893.0,23299.0
157,cz29503,"St. Joseph, KS & MO",24034.0,28959,45253.0,29464,28987.0,23244.0
158,cz33803,"Oklahoma City, OK",24027.0,28497,38399.0,30648,25740.0,23159.0
159,cz37902,"Reno, NV",24024.0,25351,,28250,17991.0,
160,cz39201,"La Grande, OR",24021.0,28985,32202.0,29571,25417.0,
161,cz34113,"Barrow, AK",23987.0,24961,,32927,,
162,cz31600,"Brownsville, TX",23946.0,27818,38998.0,31372,28904.0,27430.0
163,cz29502,"Kansas City, KS & MO",23912.0,31242,36282.0,33444,28916.0,24113.0
164,cz37901,"Las Vegas, AZ & NV",23886.0,26978,34414.0,28924,26578.0,21668.0
165,cz30701,"Roswell, NM",23882.0,28630,37617.0,31998,26797.0,28331.0
166,cz23100,"Madison, WI",23855.0,34484,36382.0,35578,28499.0,22049.0
167,cz38200,"Santa Barbara, CA",23825.0,30440,37877.0,32863,29011.0,24824.0
168,cz12200,"Grand Rapids, MI",23775.0,29734,32659.0,31220,24892.0,20354.0
169,cz30401,"Stillwater, OK",23774.0,29135,42437.0,30268,25919.0,24850.0
170,cz30200,"Muskogee, OK",23727.0,24513,38790.0,26527,23598.0,19932.0
171,cz25701,"Cape Girardeau, MO",23721.0,27347,33262.0,28815,26482.0,17700.0
172,cz19800,"Wilmington, DE & MD",23716.0,31958,43554.0,34838,27931.0,24773.0
173,cz18300,"Watertown, NY",23669.0,29696,33625.0,30213,26082.0,23498.0
174,cz36902,"Roseburg, OR",23631.0,26624,32148.0,27456,24809.0,25156.0
175,cz3400,"Houma, LA",23617.0,29759,32935.0,33159,26923.0,20951.0
176,cz19300,"Poughkeepsie, NY",23597.0,33974,43263.0,35713,30562.0,25573.0
177,cz29301,"Wichita, KS",23575.0,29421,36640.0,31160,26834.0,21208.0
178,cz19000,"Allentown, PA",23523.0,34278,41194.0,35954,25454.0,24462.0
179,cz33200,"Paris, TX",23517.0,26273,31823.0,28364,25067.0,20788.0
180,cz32801,"Waco, TX",23505.0,26731,37874.0,31573,23892.0,19660.0
181,cz19700,"Philadelphia, NJ & PA",23495.0,33227,40015.0,37105,26281.0,23594.0
182,cz3300,"New Orleans, LA",23482.0,28489,36481.0,33464,30047.0,22832.0
183,cz32900,"Killeen, TX",23450.0,27007,33814.0,29758,25976.0,22939.0
184,cz17900,"Union, NY & PA",23422.0,31436,38765.0,31945,29120.0,22674.0
185,cz3600,"Alexandria, LA",23419.0,26617,33173.0,30198,26564.0,21067.0
186,cz1500,"Wilmington, NC",23412.0,25345,35406.0,27953,24228.0,20206.0
187,cz28502,"Pueblo, CO",23386.0,27159,34618.0,30298,24555.0,25449.0
188,cz34601,"Gillette, WY",23385.0,35891,,36683,30154.0,
189,cz15200,"Cleveland, OH",23385.0,31105,42402.0,33764,26853.0,20977.0
190,cz23801,"Davenport, IA & IL",23373.0,32441,36380.0,33949,29045.0,21642.0
191,cz2000,"Virginia Beach, NC & VA",23309.0,28201,37287.0,31390,28435.0,23160.0
192,cz13300,"Findlay, OH",23266.0,30982,35122.0,31819,26015.0,21490.0
193,cz27202,"Worthington, IA & MN",23263.0,35148,31041.0,36035,28109.0,24644.0
194,cz11600,"Detroit, MI",23254.0,30329,40067.0,32912,27244.0,22988.0
195,cz24900,"Edwardsville, IL",23210.0,30387,39272.0,31470,26105.0,20343.0
196,cz22900,"La Crosse, MN & WI",23190.0,32759,29860.0,33394,28909.0,22926.0
197,cz27501,"Des Moines, IA",23186.0,34199,36139.0,35359,28357.0,23189.0
198,cz32202,"Nacogdoches, TX",23174.0,26413,35067.0,29632,27713.0,21047.0
199,cz6200,"Florence, AL & TN",23126.0,25880,31956.0,26794,23797.0,23317.0
200,cz800,"Gastonia, NC",23114.0,25139,32259.0,26698,23240.0,21044.0
201,cz24600,"Farmington, MO",23113.0,26743,33230.0,27259,22044.0,20995.0
202,cz9900,"Tallahassee, FL",23103.0,25977,38728.0,29642,28155.0,20046.0
203,cz5600,"Nashville, TN",23102.0,28131,33114.0,29989,26136.0,23074.0
204,cz11302,"Baltimore, MD",23098.0,32208,40487.0,36269,31453.0,25281.0
205,cz14500,"Lafayette, IL & IN",23086.0,29830,40447.0,30614,27274.0,22913.0
206,cz25103,"Harrison, AR",23073.0,25109,36833.0,25695,20290.0,28201.0
207,cz17400,"Hagerstown, MD & PA & WV",23070.0,29768,37406.0,30529,26930.0,22435.0
208,cz37700,"Santa Rosa, CA",23038.0,31467,37477.0,33334,29252.0,24690.0
209,cz10900,"Pensacola, FL",23005.0,25972,30678.0,27532,27133.0,20982.0
210,cz32501,"Abilene, TX",22968.0,28035,33886.0,30335,25211.0,23025.0
211,cz16300,"Pittsburgh, PA",22957.0,33418,41921.0,34806,29772.0,21986.0
212,cz23500,"Decatur, IL",22954.0,31044,40071.0,33079,26646.0,20435.0
213,cz18600,"Albany, NY",22926.0,34883,40885.0,36040,28944.0,24570.0
214,cz38700,"Longview, OR & WA",22911.0,28366,34574.0,29277,24371.0,25638.0
215,cz33300,"Tyler, TX",22894.0,27122,33084.0,29827,25694.0,22744.0
216,cz25401,"Paducah, IL & KY",22891.0,27912,28116.0,28990,18990.0,22048.0
217,cz18000,"Buffalo, NY",22880.0,33029,40198.0,34852,26171.0,22251.0
218,cz37400,"Sacramento, CA & NV",22860.0,30183,36290.0,32319,28011.0,22810.0
219,cz38901,"Eugene, OR",22853.0,28596,33116.0,29844,25472.0,25628.0
220,cz19901,"Dover, DE & MD",22799.0,28812,35996.0,31274,27990.0,23142.0
221,cz11700,"Lansing, MI",22702.0,31270,37305.0,32754,26720.0,24083.0
222,cz26902,"Little Falls, MN",22702.0,33193,29783.0,33637,25495.0,21243.0
223,cz11101,"Montgomery, AL",22687.0,25451,34426.0,29980,26983.0,21283.0
224,cz26501,"Brookings, SD",22669.0,35184,38542.0,35874,26242.0,29688.0
225,cz16100,"State College, PA",22603.0,31137,41043.0,31513,26407.0,27657.0
226,cz38601,"Spokane, ID & WA",22525.0,29172,31507.0,30061,25257.0,22243.0
227,cz5000,"Tupelo, MS",22522.0,25224,29491.0,27320,23180.0,21401.0
228,cz13400,"Lima, OH",22511.0,32561,36889.0,33758,28266.0,21261.0
229,cz35401,"Flagstaff, AZ & UT",22501.0,27793,34355.0,29406,26480.0,22956.0
230,cz21900,"Marshalltown, IA",22491.0,33320,36285.0,34377,27100.0,22843.0
231,cz13600,"South Bend, IN & MI",22444.0,29206,37464.0,30994,26088.0,20956.0
232,cz24100,"Milwaukee, WI",22412.0,32815,34800.0,36126,27962.0,21248.0
233,cz29303,"Winfield, KS",22388.0,29185,32266.0,30198,26214.0,24400.0
234,cz36200,"Logan, ID & UT",22378.0,28979,32390.0,29452,25849.0,31025.0
235,cz38902,"Newport, OR",22308.0,27089,28541.0,27973,24244.0,26941.0
236,cz4102,"Pine Bluff, AR",22276.0,24706,32629.0,28294,23612.0,22354.0
237,cz24000,"Kenosha, WI",22258.0,31291,34307.0,33011,26718.0,20443.0
238,cz34111,"Ketchikan, AK",22249.0,30385,40158.0,32441,35861.0,
239,cz20700,"Keene, NH & VT",22227.0,30933,32811.0,31645,25379.0,24158.0
240,cz26303,"Turtle Mountain UT, ND",22200.0,29544,,36719,23773.0,
241,cz37200,"Fresno, CA",22186.0,25868,32435.0,30555,24715.0,20200.0
242,cz27801,"Columbus-Norfolk, NE",22145.0,34009,33650.0,35227,26276.0,18194.0
243,cz34103,"Valdez, AK",22117.0,31640,,34388,21895.0,
244,cz9400,"Gainesville, GA",22113.0,25729,29598.0,27463,23944.0,21965.0
245,cz8900,"Macon, GA",22108.0,25703,34922.0,29482,26795.0,21283.0
246,cz12302,"Petoskey, MI",22078.0,28413,30469.0,29013,26463.0,18611.0
247,cz34805,"Alamosa, CO",22067.0,27535,32091.0,31135,24779.0,
248,cz34002,"Idabel, AR & OK",22030.0,23977,40040.0,25336,24584.0,21545.0
249,cz14900,"Gary, IN",22011.0,30743,41829.0,33391,30236.0,23103.0
250,cz39400,"Seattle, WA",21991.0,31891,37496.0,32993,28926.0,24659.0
251,cz7300,"Palm Bay, FL",21988.0,26752,34979.0,27981,27081.0,20361.0
252,cz8000,"Sumter, SC",21974.0,25323,37506.0,28849,26955.0,22473.0
253,cz30908,"Plainview, TX",21947.0,27221,,32051,25902.0,21550.0
254,cz18201,"Olean, NY & PA",21944.0,29881,35111.0,30442,21318.0,26979.0
255,cz38602,"Colville, WA",21926.0,28489,30889.0,29712,23997.0,27286.0
256,cz15900,"Columbus, OH",21905.0,29718,38696.0,31544,27638.0,22356.0
257,cz15700,"Scioto, OH",21889.0,24619,35985.0,25212,20976.0,22425.0
258,cz33802,"Chickasha, OK",21885.0,28315,38235.0,30445,23365.0,21861.0
259,cz15100,"Lorain, OH",21856.0,29772,38622.0,31457,25780.0,19654.0
260,cz1203,"Asheville, NC",21854.0,26647,37366.0,27797,24701.0,20531.0
261,cz36100,"Salt Lake City, UT",21848.0,30110,33932.0,30939,26835.0,25347.0
262,cz33601,"Lawton, OK",21847.0,27446,34383.0,29489,27289.0,23865.0
263,cz29203,"Manhattan, KS",21841.0,30513,33199.0,32165,27669.0,23245.0
264,cz30403,"Okmulgee, OK",21818.0,25193,,27217,22922.0,22570.0
265,cz14200,"Indianapolis, IN",21769.0,29430,37703.0,31405,27385.0,22445.0
266,cz20200,"Burlington, VT",21704.0,33100,35271.0,33832,30761.0,28402.0
267,cz12301,"Traverse City, MI",21699.0,29310,31524.0,29870,25198.0,25176.0
268,cz26605,"Aberdeen, SD",21643.0,35485,42218.0,36278,25261.0,
269,cz20100,"Portland, ME",21609.0,30454,31699.0,31079,27122.0,24318.0
270,cz2600,"Roanoke Rapids, NC & VA",21590.0,24574,30193.0,30369,23426.0,21509.0
271,cz30300,"Fayetteville, AR & MO & OK",21561.0,27221,32491.0,28687,25110.0,22755.0
272,cz28900,"Denver, CO",21540.0,32555,36604.0,35114,28333.0,25907.0
273,cz22800,"Eau Claire, MN & WI",21526.0,33411,30625.0,33970,27316.0,30768.0
274,cz37604,"Reno, NV",21514.0,29072,34835.0,31043,26759.0,24190.0
275,cz12901,"Lexington-Fayette, KY",21479.0,27164,40494.0,28428,27975.0,21448.0
276,cz22100,"Iowa City, IA",21442.0,33992,39638.0,34887,29931.0,27944.0
277,cz35402,"Cortez, CO & UT",21436.0,27236,,28943,26400.0,
278,cz29204,"Topeka, KS",21399.0,30792,35655.0,32351,27990.0,22587.0
279,cz3003,"Jackson, MS",21395.0,25956,37995.0,31660,24795.0,21682.0
280,cz4901,"Jackson, TN",21393.0,25786,38400.0,28686,22731.0,21018.0
281,cz13000,"Elizabethtown, KY",21391.0,27456,31360.0,28039,26702.0,25612.0
282,cz6900,"Sarasota, FL",21389.0,27645,36760.0,29479,26065.0,20087.0
283,cz34403,"Helena, MT",21349.0,31681,31680.0,32545,27252.0,
284,cz5202,"Memphis, MS & TN",21347.0,25313,37156.0,31099,25825.0,20799.0
285,cz12701,"Cincinnati, KY & OH",21340.0,30772,40456.0,32568,28920.0,21550.0
286,cz8300,"Greenville, SC",21328.0,26485,34183.0,27949,26224.0,23148.0
287,cz6800,"Lakeland, FL",21300.0,25276,35863.0,27596,24955.0,19708.0
288,cz35801,"Boise City, ID",21219.0,28129,32458.0,28992,25092.0,25740.0
289,cz24400,"Rockford, IL",21187.0,30805,34692.0,32447,27831.0,19698.0
290,cz29201,"Hiawatha, KS",21175.0,34971,,36036,24495.0,25953.0
291,cz900,"Charlotte, NC & SC",21161.0,28020,33878.0,31182,26310.0,22149.0
292,cz26411,"Sidney, MT & ND",21128.0,37707,,39391,27836.0,
293,cz7600,"Jacksonville, FL & GA",21108.0,26600,33966.0,29020,27416.0,21406.0
294,cz29601,"Columbia, MO",21091.0,30372,36602.0,31572,24251.0,21883.0
295,cz35201,"Grand Junction, CO",21083.0,29198,35005.0,30259,26042.0,24723.0
296,cz10200,"Albany, GA",21075.0,23147,33549.0,28383,22672.0,19382.0
297,cz11201,"Bluefield, VA & WV",20987.0,26117,42292.0,26685,26587.0,19625.0
298,cz31800,"College Station, TX",20949.0,28824,41674.0,33535,26424.0,20948.0
299,cz24500,"Rolla, MO",20838.0,26049,35004.0,26457,26265.0,25641.0
300,cz39203,"Bend, OR",20835.0,28606,30105.0,29689,25314.0,19580.0
301,cz12001,"Big Rapids, MI",20771.0,27361,37509.0,27979,20212.0,23971.0
302,cz37300,"Chico, CA",20756.0,27368,32533.0,28764,26210.0,22846.0
303,cz39303,"Port Angeles, WA",20674.0,28642,28517.0,29685,26036.0,27466.0
304,cz10000,"Panama City, FL",20672.0,25043,29936.0,26255,27570.0,20293.0
305,cz15300,"Parkersburg, OH & WV",20659.0,27971,40021.0,28365,26859.0,25613.0
306,cz36000,"Provo, UT",20628.0,28496,32287.0,28968,26639.0,29771.0
307,cz22602,"Shawano, WI",20624.0,30601,31724.0,31900,23913.0,18561.0
308,cz27101,"Willmar, MN",20579.0,35121,34592.0,36055,23142.0,20213.0
309,cz18800,"Scranton, PA",20541.0,32457,39238.0,33255,27435.0,24418.0
310,cz21301,"Mankato, MN",20540.0,35783,39250.0,36462,26984.0,27102.0
311,cz31303,"Kerrville, TX",20528.0,28687,31023.0,32441,24332.0,23605.0
312,cz6700,"Tampa, FL",20525.0,27098,34993.0,29070,27560.0,20542.0
313,cz39100,"Kennewick, OR & WA",20506.0,29663,36569.0,31183,27236.0,24966.0
314,cz16000,"Mansfield, OH",20504.0,28427,39483.0,29191,26385.0,20168.0
315,cz10302,"Dothan, AL",20492.0,25493,31154.0,28195,27110.0,19761.0
316,cz7500,"Deltona, FL",20430.0,25680,34100.0,27445,25479.0,19166.0
317,cz1900,"Jacksonville, NC",20398.0,25730,32825.0,28833,25685.0,20915.0
318,cz22700,"Wausau, WI",20391.0,33774,29713.0,34403,24768.0,29154.0
319,cz36901,"Crescent City, CA & OR",20371.0,25168,36852.0,26020,23886.0,22482.0
320,cz34402,"Bozeman, MT",20353.0,31177,37464.0,31743,31926.0,29165.0
321,cz9701,"Columbus, AL & GA",20299.0,24387,34291.0,27818,25923.0,21535.0
322,cz17800,"Oneonta, NY",20268.0,29984,36168.0,30537,26856.0,21792.0
323,cz11102,"Troy, AL",20256.0,25722,45373.0,28919,21947.0,20434.0
324,cz17100,"Huntington, KY & OH & WV",20209.0,25213,36949.0,25711,23504.0,22209.0
325,cz4302,"Searcy, AR",20203.0,25491,26335.0,26726,27016.0,18907.0
326,cz17700,"Syracuse, NY",20137.0,32428,37906.0,33698,26131.0,21489.0
327,cz20001,"Bangor, ME",20129.0,28554,35909.0,29117,26160.0,26391.0
328,cz22601,"Green Bay, WI",20123.0,34310,32025.0,35367,25795.0,24134.0
329,cz37601,"Elko, NV",20120.0,31446,42867.0,32811,31554.0,18464.0
330,cz21502,"Pine City, MN",20106.0,32395,33401.0,33153,22417.0,22715.0
331,cz25000,"Quincy, IL & MO",20074.0,29968,41116.0,30692,27568.0,21214.0
332,cz13700,"Concord, IN & MI",20049.0,28992,35787.0,29823,28538.0,20341.0
333,cz36501,"Klamath Falls, CA & OR",20031.0,28527,31649.0,29748,27355.0,26798.0
334,cz24802,"Springfield, IL",19997.0,30997,42067.0,32493,31677.0,20150.0
335,cz4200,"Little Rock, AR",19974.0,26681,34618.0,29345,24740.0,21804.0
336,cz35701,"Twin Falls, ID",19941.0,28012,37217.0,28992,26126.0,23921.0
337,cz21501,"Minneapolis, MN & WI",19935.0,36401,36713.0,37951,30883.0,24934.0
338,cz7700,"Lake City, FL",19901.0,23912,35416.0,25952,24317.0,19388.0
339,cz21001,"Ashland, WI",19860.0,31319,33501.0,32298,20573.0,
340,cz1800,"Goldsboro, NC",19849.0,25446,33557.0,28876,22499.0,21766.0
341,cz13200,"Owensboro, KY",19785.0,28471,36941.0,29170,23710.0,21516.0
342,cz5900,"Clarksville, KY & TN",19736.0,25628,32202.0,27334,26196.0,21882.0
343,cz34105,"Kotzebue, AK",19731.0,19864,,31745,,
344,cz12002,"Ludington, MI",19686.0,28063,33151.0,28861,22963.0,24982.0
345,cz8100,"Columbia, SC",19666.0,27259,38219.0,31000,27279.0,23278.0
346,cz16600,"Roanoke, VA & WV",19546.0,28333,35226.0,29576,26056.0,21783.0
347,cz6600,"Rome, AL & GA",19541.0,24681,34439.0,26004,24334.0,21454.0
348,cz9200,"Griffin, GA",19512.0,23740,30135.0,26111,24748.0,20098.0
349,cz20401,"Providence, MA & RI",19477.0,34021,35719.0,35612,26278.0,26494.0
350,cz15000,"Canton, OH",19389.0,29855,38235.0,30707,27503.0,20771.0
351,cz6502,"Cleveland, TN",19387.0,24288,30736.0,24987,22383.0,22779.0
352,cz26803,"Jamestown, ND",19370.0,36518,,36992,28908.0,
353,cz29800,"Aurora, MO",19337.0,25153,31943.0,25882,22806.0,19022.0
354,cz32701,"Brownwood, TX",19302.0,27441,31190.0,29191,26329.0,21373.0
355,cz401,"Winston-Salem, NC",19272.0,27531,34049.0,30077,24945.0,21400.0
356,cz38501,"Moses Lake, WA",19271.0,29204,31372.0,30872,28181.0,19156.0
357,cz700,"Spartanburg, NC & SC",19270.0,26022,31609.0,27952,24199.0,22391.0
358,cz4402,"Richmond, KY",19264.0,23702,36729.0,24361,25256.0,20156.0
359,cz14000,"Muncie, IN",19232.0,26707,37928.0,27683,24068.0,20920.0
360,cz7900,"Gainesville, FL",19197.0,26593,39831.0,29364,29167.0,19017.0
361,cz8401,"Aiken, GA & SC",19148.0,26450,41445.0,29856,26621.0,22379.0
362,cz36800,"Medford, OR",19138.0,26770,30592.0,27741,25084.0,21005.0
363,cz1100,"Hickory, NC",19135.0,25798,29130.0,27314,23792.0,20186.0
364,cz35001,"Phoenix, AZ",19095.0,29299,37912.0,31960,26708.0,24097.0
365,cz27802,"Columbus, NE",19065.0,35336,,36473,26718.0,28603.0
366,cz36600,"Redding, CA",19035.0,27389,30350.0,28318,26756.0,24648.0
367,cz35300,"Farmington, CO & NM",19013.0,28109,31002.0,32214,27338.0,25489.0
368,cz34001,"Hot Springs, AR",19012.0,24893,33528.0,26499,23246.0,21576.0
369,cz38401,"Lewiston, ID & WA",18950.0,29692,26821.0,30650,23938.0,25083.0
370,cz19902,"Easton, MD",18867.0,30278,30746.0,32696,27858.0,22972.0
371,cz28304,"Valentine, NE",18866.0,32582,,33591,22325.0,
372,cz7800,"Ocala, FL",18816.0,24932,35245.0,26259,26537.0,19167.0
373,cz21002,"Houghton, MI",18810.0,30742,39177.0,31392,30385.0,28616.0
374,cz35902,"Price, UT",18794.0,28593,,29353,25251.0,
375,cz20003,"Presque Isle, ME",18779.0,29005,27509.0,29838,26749.0,25589.0
376,cz28202,"Omaha, IA & NE",18698.0,32895,35600.0,34938,28345.0,22102.0
377,cz29005,"Hutchinson, KS",18692.0,30588,31206.0,31616,26631.0,21958.0
378,cz21101,"Rice Lake, WI",18626.0,31365,26757.0,32144,25695.0,21710.0
379,cz500,"Greensboro, NC & VA",18621.0,26561,30472.0,29283,23535.0,21370.0
380,cz34106,"Nome, AK",18613.0,22170,,33284,,
381,cz35500,"Gallup, AZ & NM",18611.0,23819,41215.0,29401,25193.0,28381.0
382,cz25601,"Carbondale, IL",18607.0,28291,34669.0,29336,25520.0,19873.0
383,cz302,"Knoxville, TN",18606.0,25563,36047.0,26557,25792.0,19647.0
384,cz1400,"Fayetteville, NC",18526.0,23942,31716.0,27711,25804.0,21097.0
385,cz26002,"Duluth, MN & WI",18474.0,33299,34901.0,34133,29108.0,24529.0
386,cz37903,"Mammoth Lakes, CA",18440.0,31857,35904.0,34997,26978.0,
387,cz200,"Morristown, TN",18422.0,22862,25460.0,23462,19795.0,21467.0
388,cz28702,"Glenwood Springs, CO",18366.0,31454,25727.0,33394,27599.0,31214.0
389,cz5300,"West Memphis, AR",18344.0,22952,35655.0,27927,26533.0,19540.0
390,cz34404,"Butte-Silver Bow, MT",18330.0,31958,22991.0,32668,30573.0,
391,cz27004,"Winner, SD",18250.0,33335,,34503,,
392,cz2800,"Laurel, MS",18211.0,24914,43978.0,28325,24113.0,20978.0
393,cz29104,"Salina, KS",18210.0,30919,30958.0,31883,27804.0,22165.0
394,cz1301,"Bennettsville, SC",18200.0,22887,30139.0,26691,27749.0,20254.0
395,cz9800,"Auburn, AL",18172.0,26533,40473.0,30562,23369.0,22603.0
396,cz27011,"Pierre, SD",18105.0,35653,,37434,23760.0,
397,cz25200,"Henderson, KY",18088.0,27232,41017.0,28104,22003.0,21000.0
398,cz25702,"Poplar Bluff, MO",18077.0,22809,46063.0,23458,24369.0,18059.0
399,cz23200,"Dubuque, IA & IL",18076.0,35995,36173.0,36429,32093.0,21840.0
400,cz3101,"McComb, MS",18054.0,24457,31807.0,28371,24745.0,21509.0
401,cz20301,"Berlin, NH & VT",18014.0,30291,39281.0,30831,27693.0,16497.0
402,cz2900,"Hattiesburg, MS",17948.0,25141,29519.0,28259,25167.0,20319.0
403,cz34901,"Albuquerque, NM",17942.0,27314,35877.0,31451,25569.0,24424.0
404,cz29402,"Emporia, KS",17938.0,31403,34748.0,32981,27667.0,25043.0
405,cz36700,"Eureka, CA",17797.0,27226,28902.0,28521,26546.0,24742.0
406,cz26406,"Wolf Point, MT",17658.0,30173,,34579,,
407,cz4401,"London, KY",17605.0,21957,41861.0,22549,21144.0,22795.0
408,cz1600,"Wilson, NC",17578.0,25737,38856.0,31005,23520.0,21453.0
409,cz11402,"Marinette, MI & WI",17578.0,31808,38563.0,32284,28803.0,25640.0
410,cz26304,"Minot, ND",17561.0,36167,35516.0,37100,29787.0,26435.0
411,cz39302,"Bellingham, WA",17515.0,30119,33368.0,31783,24552.0,21690.0
412,cz35702,"Burley, ID",17497.0,28162,29735.0,29914,25866.0,
413,cz32201,"Huntsville, TX",17493.0,27107,36418.0,30221,26395.0,20860.0
414,cz27603,"Southwest Jackson UT, SD",17490.0,30050,,31180,,
415,cz34802,"Santa Fe, NM",17474.0,29482,37148.0,34057,27963.0,27707.0
416,cz38100,"Yuma, AZ & CA",17448.0,22886,34131.0,30451,26557.0,23558.0
417,cz29700,"Springfield, MO",17439.0,26221,30631.0,26874,25799.0,20431.0
418,cz35901,"St. George, UT",17394.0,26861,33908.0,27518,24092.0,16895.0
419,cz26702,"Grafton, MN & ND",17339.0,36556,,37384,26582.0,
420,cz100,"Johnson City, TN & VA",17267.0,24157,35806.0,24765,21867.0,19639.0
421,cz26704,"Grand Forks, MN & ND",17199.0,35324,33296.0,36358,27651.0,30333.0
422,cz14300,"Columbus, IN",17195.0,28081,37203.0,28599,27902.0,25697.0
423,cz6401,"Chattanooga, GA & TN",17105.0,25819,37257.0,27309,23952.0,21397.0
424,cz27005,"Yankton, NE & SD",17100.0,35828,,36661,29222.0,42579.0
425,cz34603,"Casper, WY",17096.0,33786,35634.0,34827,29044.0,27605.0
426,cz16500,"Erie, NY & PA",16918.0,30158,36326.0,31006,24065.0,18958.0
427,cz30602,"Alamogordo, NM",16829.0,25966,33240.0,28604,24992.0,22457.0
428,cz36301,"Pocatello, ID",16806.0,28257,32935.0,28985,25818.0,23148.0
429,cz36402,"Vernal, UT",16774.0,30034,,31202,17580.0,
430,cz34308,"Billings, MT",16696.0,31644,33418.0,32874,25180.0,22637.0
431,cz35100,"Tucson, AZ",16652.0,27247,35291.0,30324,25724.0,23445.0
432,cz12501,"Dayton, OH",16640.0,28917,39654.0,30420,27184.0,21515.0
433,cz29504,"Sedalia, MO",16609.0,26872,28837.0,27680,22179.0,23107.0
434,cz13101,"Louisville, IN & KY",16522.0,29103,34267.0,30896,26350.0,22435.0
435,cz34203,"Great Falls, MT",16486.0,29962,27219.0,31187,27601.0,24005.0
436,cz29302,"Newton, KS",16427.0,31765,30540.0,32519,27426.0,30398.0
437,cz35904,"Richfield, UT",16409.0,28950,,29496,30930.0,
438,cz34304,"Sheridan, MT & WY",16360.0,32528,,34386,24523.0,
439,cz28001,"Sioux City, IA & NE & SD",16268.0,32662,32295.0,34391,26912.0,21596.0
440,cz25104,"Heber Springs, AR",16226.0,24147,,24734,22052.0,24039.0
441,cz10400,"Meridian, MS",16195.0,24716,32814.0,29017,23984.0,20762.0
442,cz6302,"Cookeville, TN",16076.0,24453,34138.0,24917,20762.0,17816.0
443,cz26801,"Fargo, MN & ND",16021.0,36327,35791.0,37181,25462.0,27200.0
444,cz35600,"Hilo, HI",15942.0,29598,36679.0,29922,25851.0,33499.0
445,cz21400,"St. Cloud, MN",15928.0,35758,31470.0,36388,29127.0,24293.0
446,cz25900,"Jonesboro, AR",15857.0,25034,26518.0,25855,24586.0,18921.0
447,cz16801,"Beckley, WV",15851.0,26388,37249.0,27144,27317.0,21976.0
448,cz1302,"Florence, SC",15846.0,24409,37661.0,28021,23744.0,20653.0
449,cz26701,"Bemidji, MN",15806.0,32043,33712.0,33740,27153.0,34443.0
450,cz27009,"Chamberlain, SD",15805.0,32304,,35810,,
451,cz9500,"Talladega, AL",15747.0,25102,30456.0,27161,21521.0,22893.0
452,cz26602,"Sisseton, SD",15743.0,32851,,36000,,
453,cz28101,"Lincoln, NE",15669.0,33201,36443.0,34258,26375.0,22097.0
454,cz26901,"Fergus Falls, MN",15620.0,35056,42465.0,35564,24094.0,27216.0
455,cz14700,"Evansville, IL & IN",15605.0,31132,37115.0,32141,25932.0,22343.0
456,cz34504,"Missoula, MT",15582.0,30354,30639.0,31062,29795.0,31476.0
457,cz39000,"Yakima, WA",15550.0,28466,35586.0,31266,26645.0,19859.0
458,cz30604,"Deming, NM",15507.0,23553,41927.0,28025,24181.0,23131.0
459,cz27704,"Gordon, NE & SD",15478.0,27082,,33025,34014.0,
460,cz34503,"Kalispell, MT",15458.0,28484,30808.0,29713,24402.0,28411.0
461,cz34201,"Havre, MT",15182.0,28183,,31557,22232.0,
462,cz32305,"Del Rio, TX",15181.0,27921,28329.0,33180,28631.0,31028.0
463,cz21600,"Brainerd, MN",15168.0,32078,31789.0,32950,29646.0,28798.0
464,cz20002,"Calais, ME",15166.0,23876,,24854,24346.0,
465,cz4902,"Dyersburg, TN",15147.0,23819,26476.0,26539,21505.0,20140.0
466,cz5800,"Dickson, TN",15013.0,25638,39593.0,26596,22138.0,20351.0
467,cz34202,"Shelby, MT",15012.0,29910,,32833,32472.0,
468,cz18400,"Plattsburgh, NY",14996.0,30396,38887.0,31029,27879.0,32529.0
469,cz9301,"Winder, GA",14919.0,26902,34937.0,29572,25089.0,21621.0
470,cz34112,"Bethel, AK",14885.0,15541,,31135,,
471,cz29004,"Great Bend, KS",14839.0,32269,31612.0,33153,28026.0,23802.0
472,cz32802,"Corsicana, TX",14837.0,27427,33932.0,31004,26346.0,21522.0
473,cz27701,"Scottsbluff, NE",14737.0,32394,36015.0,34225,25925.0,12038.0
474,cz13501,"Toledo, MI & OH",14700.0,30742,38863.0,32685,25964.0,21046.0
475,cz38802,"The Dalles, OR & WA",14681.0,28436,32934.0,29735,28591.0,28279.0
476,cz26503,"Sioux Falls, SD",14538.0,34102,31900.0,35101,26641.0,24858.0
477,cz33603,"Frederick, OK",14524.0,25215,,28476,23528.0,13562.0
478,cz26408,"Glasgow, MT",14491.0,32515,,33583,,
479,cz25101,"Mountain Home, AR & MO",14489.0,25548,,25877,28987.0,
480,cz27601,"Rapid City, SD",14479.0,30962,29967.0,32613,27688.0,26234.0
481,cz5100,"Corinth, MS & TN",14461.0,23814,37057.0,25093,16540.0,19142.0
482,cz34303,"Riverton, WY",14161.0,31531,,33384,28840.0,24910.0
483,cz34307,"Colstrip, MT",14083.0,28123,,33830,,
484,cz22001,"Waterloo, IA",14082.0,34070,41344.0,35179,26260.0,22246.0
485,cz26201,"Bismarck, ND",14024.0,38516,34145.0,39609,29225.0,37159.0
486,cz27008,"Parkston, SD",13955.0,34282,,36127,18640.0,
487,cz35002,"Safford, AZ",13890.0,27432,,28732,29131.0,23792.0
488,cz26004,"International Falls, MN",13819.0,32413,,33143,36541.0,
489,cz21102,"Amery, WI",13798.0,32524,29083.0,33335,27428.0,
490,cz30901,"Clovis, NM & TX",13788.0,26543,38471.0,30212,23504.0,24398.0
491,cz27006,"Mitchell, SD",13558.0,33933,,34572,33589.0,
492,cz35802,"Ontario, ID & OR",13502.0,26461,31777.0,27629,23931.0,26031.0
493,cz27602,"Eagle Butte, SD",13475.0,18295,,30228,,
494,cz16702,"Morgantown, WV",13251.0,29773,44322.0,30236,30730.0,25213.0
495,cz23301,"Charleston, IL",13188.0,28838,35417.0,29396,24627.0,26582.0
496,cz25105,"Batesville, AR",13152.0,25259,26386.0,26149,20548.0,17226.0
497,cz27102,"Marshall, MN",13138.0,35816,34630.0,36710,21322.0,17653.0
498,cz13800,"Wayne, IN",12780.0,29499,32101.0,30254,27247.0,21572.0
499,cz14600,"Bloomington, IN",12726.0,27526,38062.0,28016,26364.0,23065.0
500,cz34902,"Socorro, NM",12662.0,23531,,30573,22319.0,
501,cz25800,"Blytheville, AR & MO",12427.0,22874,40419.0,25645,24601.0,18705.0
502,cz26504,"Watertown, SD",12165.0,34431,,35069,30059.0,26902.0
503,cz26604,"Mobridge, SD",12012.0,34190,,36308,,
504,cz27605,"Mission, SD",11797.0,18113,,29464,,
505,cz28002,"West Point, NE",11648.0,34775,,36704,22176.0,
506,cz10801,"Tuscaloosa, AL",11563.0,25328,48818.0,29941,23985.0,21258.0
507,cz5401,"Bowling Green, KY",11490.0,25930,25859.0,26802,24337.0,21402.0
508,cz20902,"Pittsfield, MA & VT",11468.0,31963,36568.0,32634,27523.0,25444.0
509,cz8701,"Hinesville, GA",11298.0,24536,30538.0,26142,27416.0,22909.0
510,cz17300,"Staunton, VA",11275.0,28337,41495.0,29290,25929.0,23021.0
511,cz25300,"Union City, KY & TN",11234.0,26025,36356.0,27419,23120.0,20486.0
512,cz26301,"Devils Lake, ND",11138.0,32588,,37063,,
513,cz26603,"East Corson UT, ND & SD",10407.0,23451,,34934,,
514,cz27007,"Huron, SD",9622.0,33227,,33770,20382.0,
515,cz1204,"Andrews, GA & NC",7438.0,23839,,24794,24903.0,16041.0
516,cz28503,"Trinidad, CO",,27559,,30963,25650.0,
517,cz12800,"Washington, IN",,30655,40168.0,31048,25615.0,21365.0
518,cz26402,"Baker, MT",,37802,,38078,,
519,cz31304,"Mason, TX",,29000,,32618,16255.0,
520,cz27902,"York, NE",,35510,,36068,26960.0,
521,cz26003,"West Cook UT, MN",,30705,,31454,,
522,cz19903,"Chincoteague, VA",,26022,41225.0,29152,22722.0,21148.0
523,cz17200,"Harrisonburg, VA & WV",,28910,37660.0,29657,26756.0,24810.0
524,cz35202,"Gunnison, CO",,32320,,33264,28940.0,
525,cz6402,"Crossville, TN",,23262,38514.0,23844,19958.0,25247.0
526,cz27201,"Sioux Center, IA",,36501,37502.0,36954,28691.0,27602.0
527,cz1201,"Franklin, GA & NC",,25547,31508.0,26266,24179.0,22408.0
528,cz27402,"Fort Dodge, IA",,33982,38202.0,34631,25997.0,21772.0
529,cz32306,"Eagle Pass, TX",,27026,31692.0,31071,29541.0,
530,cz31501,"Crystal City, TX",,27863,,31669,28301.0,
531,cz5402,"Glasgow, KY & TN",,25207,30645.0,25753,20526.0,22698.0
532,cz31006,"Guymon, KS & OK & TX",,30365,,32269,30505.0,
533,cz26703,"Thief River Falls, MN",,36408,,36903,29371.0,
534,cz34104,"Bristol Bay, AK",,24040,,27940,,
535,cz12903,"Danville, KY",,24681,31771.0,25367,18091.0,22059.0
536,cz29002,"Coldwater, KS",,34838,,35975,,
537,cz32402,"Sweetwater, TX",,28136,,31266,26626.0,22075.0
538,cz30907,"Matador, TX",,21986,,22195,,
539,cz10501,"Columbus, AL & MS",,23854,33693.0,29585,25724.0,19646.0
540,cz11303,"Colonial Beach, VA",,28386,,31568,21430.0,24593.0
541,cz29102,"Superior, NE",,35673,,35962,,
542,cz26204,"Steele, ND",,39050,,40262,,
543,cz28608,"Kearney, NE",,33960,31401.0,34619,28306.0,
544,cz31007,"Dumas, TX",,29763,27608.0,32780,28094.0,26353.0
545,cz34302,"Worland, WY",,32639,,33932,27555.0,
546,cz26403,"Bowman, ND",,39455,,40494,,
547,cz27012,"Gettysburg, SD",,34522,,34532,,
548,cz39204,"Condon, OR",,35239,,34298,,
549,cz36401,"Steamboat Springs, CO",,32936,,33629,30078.0,
550,cz28607,"McCook, NE",,32684,,33140,28037.0,
551,cz4501,"West Liberty, KY",,20645,,21491,,
552,cz9702,"Americus, GA",,23933,45169.0,29316,20133.0,19585.0
553,cz13102,"Madison, IN & KY",,28805,,29495,24357.0,28133.0
554,cz14801,"Olney, IL",,29088,25783.0,29483,24697.0,30489.0
555,cz301,"Middlesborough, KY & TN",,20695,29607.0,21189,17542.0,19779.0
556,cz4800,"Greenville, MS",,21943,37343.0,32004,22619.0,18676.0
557,cz30906,"Memphis, TX",,27485,,31541,22809.0,20440.0
558,cz29001,"Pratt, KS",,31733,,32470,27192.0,
559,cz10802,"Demopolis, AL",,24982,,32356,24663.0,21797.0
560,cz26601,"Milbank, MN & SD",,36463,,36834,,
561,cz26409,"Glendive, MT & ND",,35968,,36176,32624.0,
562,cz402,"Martinsville, VA",,24942,38599.0,26703,23842.0,21855.0
563,cz30905,"Wellington, TX",,30027,,33212,24414.0,22489.0
564,cz36302,"Salmon, ID",,28920,,29462,23433.0,
565,cz11203,"Big Stone Gap, VA",,23598,44092.0,23974,22416.0,18084.0
566,cz21802,"Decorah, IA",,35640,35223.0,36048,26189.0,27096.0
567,cz26401,"Ekalaka, MT & SD",,36197,,36501,,
568,cz21201,"Hutchinson, MN",,35721,32763.0,36237,29630.0,18737.0
569,cz10101,"Bainbridge, GA",,24100,,27160,21976.0,21033.0
570,cz34309,"Harlowton, MT",,26297,,26428,,
571,cz6501,"Ellijay, GA",,23049,,23996,21612.0,
572,cz9003,"Dublin, GA",,24253,40640.0,28024,19058.0,20626.0
573,cz27301,"Spencer, IA",,36181,40414.0,36529,26114.0,35258.0
574,cz24801,"Jacksonville, IL",,29938,32125.0,30563,26895.0,20921.0
575,cz17501,"Cumberland, MD & WV",,28567,34633.0,28972,28398.0,23161.0
576,cz4601,"Campbellsville, KY",,23763,24320.0,24223,15644.0,23968.0
577,cz602,"Galax, NC & VA",,24492,,25346,23674.0,15913.0
578,cz27302,"Fairmont, IA & MN",,34780,38546.0,35402,26637.0,29892.0
579,cz27504,"Carroll, IA",,36526,36231.0,37156,29941.0,28747.0
580,cz26203,"Linton, ND",,35264,,35734,,
581,cz4101,"Crossett, AR",,25400,,27865,33959.0,18309.0
582,cz28602,"Norton, KS",,32762,,33470,24984.0,
583,cz25402,"Murray, KY",,26715,,27271,19877.0,22258.0
584,cz28606,"Wano, KS & NE",,33304,,34035,,
585,cz31103,"Gonzales, TX",,27647,,31878,27270.0,20528.0
586,cz13103,"Bardstown, KY",,29079,19201.0,30111,21818.0,22260.0
587,cz4702,"Clarksdale, MS",,23190,31565.0,29278,22177.0,19300.0
588,cz8602,"Brunswick, GA",,24556,29180.0,27375,23920.0,20954.0
589,cz29101,"Concordia, KS",,32688,,33169,20591.0,
590,cz31402,"Pecos, TX",,31231,43889.0,32044,32287.0,26725.0
591,cz27503,"Atlantic, IA",,34845,,35294,25141.0,
592,cz29103,"Beloit, KS",,34138,,34677,,
593,cz16703,"Buckhannon, WV",,27697,,28146,29802.0,
594,cz30603,"Truth or Consequences, NM",,23243,,26218,21158.0,
595,cz26302,"Carrington, ND",,38599,,39042,,
596,cz28604,"Colby, KS",,33947,,34368,30042.0,
597,cz8601,"Waycross, GA",,24072,35364.0,26424,26292.0,19121.0
598,cz23802,"Clinton, IA",,33668,36732.0,34382,27948.0,19603.0
599,cz28402,"Limon, CO",,30409,,31397,31156.0,
600,cz3002,"Yazoo City, MS",,22216,,30811,23707.0,18467.0
601,cz27003,"Ainsworth, NE",,34410,,34873,,
602,cz3202,"Natchez, LA & MS",,26023,,30871,21926.0,21864.0
603,cz28703,"Granby, CO",,32795,,32807,,
604,cz18500,"Amsterdam, NY",,30727,33312.0,31470,25461.0,23660.0
605,cz39205,"John Day, OR",,30544,,30424,,
606,cz34501,"Bonners Ferry, ID",,28160,,28607,30750.0,
607,cz4602,"Somerset, KY & TN",,21448,33865.0,21987,24293.0,14871.0
608,cz17502,"Winchester, VA & WV",,30345,43060.0,31100,27051.0,25744.0
609,cz15600,"Wheeling, OH & WV",,30761,43389.0,31313,25142.0,22733.0
610,cz26804,"Cooperstown, ND",,34744,,35089,,
611,cz29008,"Center, KS",,36095,,36451,,
612,cz28301,"Sterling, CO",,32478,32372.0,34052,27687.0,
613,cz21702,"Austin, MN",,33501,32667.0,34406,26847.0,19564.0
614,cz13502,"Defiance, OH",,31012,44433.0,31657,27020.0,24279.0
615,cz29505,"Polk, MO",,32138,,32685,21569.0,
616,cz26107,"Kirksville, MO",,28063,30464.0,28208,39206.0,27356.0
617,cz34604,"Lusk, WY",,33832,,35257,,
618,cz2100,"Washington, NC",,25993,27438.0,29814,21436.0,20806.0
619,cz3102,"Brookhaven, MS",,25315,,28223,31042.0,21302.0
620,cz31102,"La Grange, TX",,32528,,36902,28382.0,22755.0
621,cz32302,"Brady, TX",,27419,,31288,24815.0,17745.0
622,cz34306,"Jordan, MT",,24376,,25551,,
623,cz29202,"Marysville, KS",,33741,,34079,,
624,cz28302,"Ogallala, CO & NE",,32747,,33328,29715.0,
625,cz31302,"Beeville, TX",,30103,35861.0,36586,28413.0,25820.0
626,cz26101,"Moberly, MO",,27533,23765.0,28399,28789.0,18513.0
627,cz34602,"Rawlins, WY",,31643,,33061,28061.0,
628,cz31404,"Alpine, TX",,27094,,29535,31227.0,
629,cz9002,"Milledgeville, GA",,23831,37966.0,27724,26740.0,20719.0
630,cz23302,"Douglas, IL",,31037,38989.0,31362,30054.0,21290.0
631,cz4502,"Hazard, KY",,21780,62654.0,22267,25624.0,20015.0
632,cz30902,"Littlefield, TX",,27722,,33770,25200.0,22135.0
633,cz27901,"Hastings, NE",,33514,34668.0,34210,28009.0,32382.0
634,cz26802,"Lisbon, ND",,37864,,38106,24835.0,
635,cz12600,"Wayne, IN",,25730,36893.0,26345,24705.0,20854.0
636,cz12702,"Maysville, KY",,25040,,25538,32516.0,23807.0
637,cz15500,"Steubenville, OH & WV",,29756,29428.0,30584,29366.0,22261.0
638,cz32304,"Uvalde, TX",,27240,,33832,26263.0,28569.0
639,cz31403,"Fort Stockton, TX",,31188,,34306,31390.0,
640,cz23000,"Monroe, WI",,33789,37104.0,34190,27586.0,25580.0
641,cz26202,"East Grant UT, ND",,38085,,38302,,
642,cz32502,"Childress, TX",,27195,,30650,25339.0,18227.0
643,cz3201,"Jena, LA",,27010,,28878,,22469.0
644,cz10102,"Thomasville, GA",,24062,34595.0,28668,20066.0,19112.0
645,cz29007,"Township 11, KS",,32587,,33355,21374.0,
646,cz11202,"Welch, WV",,23091,,23544,,24035.0
647,cz36403,"Soda Springs, ID",,30800,,31165,32019.0,
648,cz28305,"Broken Bow, NE",,34374,,34900,29811.0,
649,cz26404,"Lemmon, ND & SD",,35472,,35940,,
650,cz28504,"Burlington, CO",,32322,,33616,22663.0,
651,cz22002,"Iowa Falls, IA",,34557,,34909,29031.0,
652,cz31002,"Ulysses, KS",,32792,,34854,28367.0,
653,cz3902,"Lake Providence, LA",,24503,,30059,21861.0,18814.0
654,cz28603,"Phillipsburg, KS",,33154,,33635,,
655,cz27502,"Creston, IA",,31337,39432.0,31944,24141.0,22879.0
656,cz29506,"Bethany, MO",,29988,,30246,25658.0,
657,cz35803,"McCall, ID",,28080,,28938,,
658,cz31003,"Scott City, KS",,34439,,35539,30180.0,
659,cz8502,"Cordele, GA",,22187,38827.0,26697,24445.0,17323.0
660,cz21801,"Mason City, IA",,33542,36557.0,34102,27820.0,28719.0
661,cz26104,"Trenton, MO",,28579,,29043,24765.0,
662,cz28601,"Oberlin, KS",,34587,,35044,34791.0,
663,cz4903,"Lexington, TN",,24792,,25547,19727.0,22116.0
664,cz6301,"McMinnville, TN",,23431,34148.0,24084,21086.0,21256.0
665,cz9302,"Toccoa, GA",,24420,36113.0,26273,22565.0,20586.0
666,cz26405,"Scobey, MT",,36248,,36710,,
667,cz10301,"Eufaula, AL & GA",,23419,,29562,23003.0,19187.0
668,cz34401,"Dillon, MT",,31060,,31869,26769.0,
669,cz26102,"Marshall, MO",,28200,37146.0,29053,26725.0,22709.0
670,cz28605,"Goodland, KS",,31538,,32464,28605.0,
671,cz4001,"Magnolia, AR",,27039,,32000,35002.0,19376.0
672,cz32603,"Seymour, TX",,31721,,32294,34549.0,13470.0
673,cz26105,"Polk, MO",,28464,,29559,23595.0,
674,cz12902,"Mount Sterling, KY",,23861,,24176,23575.0,27853.0
675,cz34702,"Kapaa, HI",,31852,36908.0,30085,30608.0,30234.0
676,cz26502,"Madison, SD",,35756,,36397,,
677,cz29006,"Hays, KS",,34690,37056.0,35219,31856.0,27998.0
678,cz39202,"Enterprise, OR",,30367,,31227,,
679,cz39301,"Friday Harbor, WA",,29702,,30648,25506.0,
680,cz20403,"Oak Bluffs, MA",,34133,,35089,,
681,cz36303,"Jackson, ID & WY",,32617,,33645,30096.0,
682,cz31202,"Burnet, TX",,26762,,28499,24525.0,21869.0
683,cz25602,"Harrisburg, IL",,27599,,28418,13454.0,17277.0
684,cz26103,"Brookfield, MO",,28911,,29699,23235.0,16898.0
685,cz16802,"Summersville, WV",,26087,,26395,20457.0,25753.0
686,cz16902,"Spencer, WV",,24858,,25353,25008.0,
687,cz3203,"Vicksburg, LA & MS",,24473,36759.0,30193,23993.0,21002.0
688,cz8402,"Washington, GA",,24587,,29155,19935.0,20665.0
689,cz4003,"Ruston, LA",,27493,42119.0,31327,29698.0,21707.0
690,cz15800,"Athens, OH & WV",,25268,39981.0,25697,27737.0,21497.0
691,cz32503,"Haskell, TX",,29296,,32659,24837.0,21553.0
692,cz8501,"Fitzgerald, GA",,24336,,28146,23856.0,19245.0
693,cz32604,"Vernon, TX",,26897,,30304,23717.0,17337.0
694,cz26407,"Plentywood, MT",,34227,,36018,,
695,cz34703,"Kahului, HI",,31449,36354.0,30572,28587.0,31151.0
696,cz32303,"Junction, TX",,23054,,24971,22050.0,
697,cz28609,"Lexington, NE",,32268,35144.0,34200,26936.0,
698,cz34804,"Clayton, NM",,28406,,31683,25573.0,
699,cz31502,"Pearsall, TX",,27083,,32322,27568.0,
700,cz35905,"Loa, UT",,26921,,27627,,
701,cz3001,"Kosciusko, MS",,24104,,30411,23943.0,21297.0
702,cz1001,"Boone, NC & TN",,24886,,25419,27218.0,18914.0
703,cz31503,"Laredo, TX",,26328,39308.0,31001,28595.0,21707.0
704,cz18700,"Sunbury, PA",,31656,37611.0,32052,26008.0,27584.0
705,cz12502,"Washington Court House, OH",,25932,30395.0,26669,22657.0,18526.0
706,cz8702,"Statesboro, GA",,24390,35153.0,27953,23150.0,19738.0
707,cz27604,"Murdo, SD",,24243,,24833,,
708,cz32403,"Snyder, TX",,30632,,33101,29413.0,25990.0
709,cz26106,"Centerville, IA",,30936,,31319,28158.0,
710,cz17000,"Pikeville, KY & WV",,22704,40695.0,23356,16138.0,18374.0
711,cz27703,"Torrington, WY",,33205,,34438,30203.0,
712,cz24702,"Mexico, MO",,28415,,29301,32238.0,22449.0
713,cz34803,"Tucumcari, NM",,23899,,28311,21969.0,
714,cz28501,"Springfield, CO",,29240,,29488,30478.0,
715,cz27001,"O'Neill, NE",,33481,,33778,32991.0,
716,cz4701,"Greenwood, MS",,22944,38858.0,29396,19225.0,19168.0
717,cz34305,"Miles City, MT",,33440,,33820,34487.0,
718,cz28306,"North Platte, NE",,32328,24401.0,33252,27490.0,31834.0
719,cz36502,"Burns, OR",,27868,,29274,25317.0,
720,cz18202,"St. Marys, PA",,33005,41083.0,33400,29237.0,
721,cz26305,"Rugby, ND",,36433,,36742,,
722,cz37603,"Portola, CA",,29735,,30338,29132.0,
723,cz28701,"Salida, CO",,31984,,32661,29351.0,
724,cz27002,"Ord, NE",,33916,,34340,,
725,cz28303,"Oshkosh, NE",,31912,,33024,,
726,cz30702,"Santa Rosa, NM",,26347,,30477,25936.0,
727,cz8201,"Barnwell, SC",,23166,,28830,16997.0,20525.0
728,cz16701,"Elkins, WV",,26643,,27052,18359.0,27498.0
729,cz14802,"Vincennes, IL & IN",,29699,45519.0,30055,25206.0,24355.0
730,cz9001,"Vidalia, GA",,24204,33904.0,26832,21395.0,19776.0
731,cz20402,"Nantucket, MA",,36753,,37949,,14283.0
732,cz34301,"Cody, WY",,31756,41814.0,32681,27916.0,
733,cz30605,"Van Horn, TX",,28903,,24393,31761.0,
734,cz27401,"Storm Lake, IA",,35260,27478.0,36377,28614.0,29207.0
735,cz601,"North Wilkesboro, NC",,24660,32920.0,25402,22201.0,20967.0
736,cz27010,"Miller, SD",,38659,,39227,,
737,cz5201,"New Albany, MS",,24962,,26398,20585.0,22349.0
738,cz34204,"Lewistown, MT",,31877,,32750,27295.0,
739,cz28201,"Red Oak, IA",,32909,38396.0,33431,28954.0,27519.0
740,cz4301,"Stuttgart, AR",,25635,,28785,29338.0,21545.0
